{
  "stock_decline": {
    "xgboost": {
      "auroc": 0.6481811673241712,
      "auprc": 0.7231641387218393,
      "brier": 0.2595212161540985,
      "f1_youden": 0.623898863559949,
      "youden_threshold": 0.4470219314098358,
      "ece": 0.1519050093403225,
      "calibration": {
        "ece": 0.1519050093403225,
        "prob_true": [
          0.40657894736842104,
          0.4575581395348837,
          0.4800543970988214,
          0.5128081198646689,
          0.5865331107401224,
          0.6385920804525456,
          0.6991028295376122,
          0.7672727272727272,
          0.8170254403131115,
          0.8734939759036144
        ],
        "prob_pred": [
          0.06426147234650623,
          0.1533136575591079,
          0.25070140828950127,
          0.34850225376875404,
          0.4490041582366793,
          0.5495725558060359,
          0.6489326721063723,
          0.7488428717093034,
          0.8429131485711339,
          0.9192027000777693
        ],
        "n_bins": 10
      }
    },
    "lr_full": {
      "auroc": 0.6806713872098272,
      "auprc": 0.7334731645719488,
      "brier": 0.22586833553523294,
      "f1_youden": 0.6674848210825475,
      "youden_threshold": 0.5271720157240928,
      "ece": 0.07582079117390128,
      "calibration": {
        "ece": 0.07582079117390128,
        "prob_true": [
          0.4,
          0.3606060606060606,
          0.3727087576374745,
          0.4542656112576957,
          0.5203923593185338,
          0.5948795180722891,
          0.703450754852624,
          0.8033319788703779,
          0.7805486284289277,
          0.8888888888888888
        ],
        "prob_pred": [
          0.09533182383778599,
          0.1631933739773564,
          0.255792349679978,
          0.3490280741004728,
          0.45002665848128787,
          0.5507057601484403,
          0.6550551869138669,
          0.7390710451480998,
          0.8312151020949268,
          0.9163794146638816
        ],
        "n_bins": 10
      }
    },
    "lr_traditional": {
      "auroc": 0.6439935002760335,
      "auprc": 0.7140286718085126,
      "brier": 0.23503533797129392,
      "f1_youden": 0.6441830065359477,
      "youden_threshold": 0.5191871984200813,
      "ece": 0.07857827005818442,
      "calibration": {
        "ece": 0.07857827005818442,
        "prob_true": [
          0.0,
          0.72,
          0.463452566096423,
          0.43967714528462193,
          0.4819277108433735,
          0.6415617128463476,
          0.7345029239766082,
          0.8152046783625732,
          0.8135593220338984,
          0.6
        ],
        "prob_pred": [
          0.0998296052606905,
          0.16423170676871526,
          0.2641955787694305,
          0.36058784738686694,
          0.453119066686705,
          0.5547484238305942,
          0.6404735962056797,
          0.7409142246461923,
          0.8342745058120974,
          0.9159494479932564
        ],
        "n_bins": 10
      }
    },
    "gbt_raw": {
      "auroc": 0.6771907482927908,
      "auprc": 0.7458820603440464,
      "brier": 0.2314471708428329,
      "f1_youden": 0.672430233297311,
      "youden_threshold": 0.43914587505627223,
      "ece": 0.10104204845147981,
      "calibration": {
        "ece": 0.10104204845147981,
        "prob_true": [
          0.25,
          0.3393258426966292,
          0.4148880791254555,
          0.4693233944954128,
          0.5570239843367597,
          0.6486068111455109,
          0.710062893081761,
          0.7963246554364471,
          0.8657105606258149
        ],
        "prob_pred": [
          0.09604255456689142,
          0.16673000311072586,
          0.25830117024527294,
          0.34912329975291473,
          0.4466984101508476,
          0.5497892306524028,
          0.6485880138539314,
          0.7546483430311184,
          0.8181548083692006
        ],
        "n_bins": 10
      }
    }
  },
  "earnings_restate": {
    "xgboost": {
      "auroc": 0.6511748136695241,
      "auprc": 0.17869196639133522,
      "brier": 0.12622304260730743,
      "f1_youden": 0.2498173849525201,
      "youden_threshold": 0.18327027559280396,
      "ece": 0.12097772352826928,
      "calibration": {
        "ece": 0.12097772352826928,
        "prob_true": [
          0.05455726347694306,
          0.0924908424908425,
          0.11740139211136891,
          0.14556533513879485,
          0.17009345794392525,
          0.18078381795195955,
          0.20638297872340425,
          0.25316455696202533,
          0.3559322033898305,
          0.16666666666666666
        ],
        "prob_pred": [
          0.05147649478508048,
          0.14627527986608801,
          0.24759760563998653,
          0.34815215733540406,
          0.44824234595365614,
          0.5464337651256364,
          0.647079576329982,
          0.7416952320292026,
          0.8402550493256521,
          0.9150773386160532
        ],
        "n_bins": 10
      }
    },
    "lr_full": {
      "auroc": 0.6648008347696553,
      "auprc": 0.17361609218533386,
      "brier": 0.25123461385117946,
      "f1_youden": 0.25662514156285393,
      "youden_threshold": 0.4976379452441444,
      "ece": 0.38639563441385233,
      "calibration": {
        "ece": 0.38639563441385233,
        "prob_true": [
          0.0,
          0.020958083832335328,
          0.030355594102341718,
          0.050268610897927855,
          0.08188585607940446,
          0.12885985748218529,
          0.1670693821194339,
          0.20361990950226244,
          0.28735632183908044
        ],
        "prob_pred": [
          0.09315311543926227,
          0.15972554629245314,
          0.258970090866634,
          0.35445086325173736,
          0.4506645382129846,
          0.55303599109149,
          0.6435404499018981,
          0.7373858760458155,
          0.823622726385669
        ],
        "n_bins": 10
      }
    },
    "lr_traditional": {
      "auroc": 0.6191214929599618,
      "auprc": 0.15959224801719346,
      "brier": 0.2553225558105239,
      "f1_youden": 0.24717054767789776,
      "youden_threshold": 0.5225289461143375,
      "ece": 0.39683728460203405,
      "calibration": {
        "ece": 0.39683728460203405,
        "prob_true": [
          0.3333333333333333,
          0.07894736842105263,
          0.06602641056422569,
          0.06712528663748175,
          0.13261261261261262,
          0.16340269277845776,
          0.22267206477732793,
          0.2876712328767123
        ],
        "prob_pred": [
          0.17128123050735858,
          0.26653265064239584,
          0.36427031228671397,
          0.4548886466382806,
          0.5430988743749502,
          0.6389129554272844,
          0.7570220027669509,
          0.8211843179202434
        ],
        "n_bins": 10
      }
    },
    "gbt_raw": {
      "auroc": 0.6699836723509404,
      "auprc": 0.18982211923440287,
      "brier": 0.2274293248007497,
      "f1_youden": 0.2629028349890962,
      "youden_threshold": 0.48021503521855236,
      "ece": 0.3592066675205535,
      "calibration": {
        "ece": 0.3592066675205535,
        "prob_true": [
          0.09090909090909091,
          0.04507628294036061,
          0.050815217391304346,
          0.08934337997847147,
          0.13337320574162678,
          0.19875549048316252,
          0.30612244897959184
        ],
        "prob_pred": [
          0.18226462813255764,
          0.26600252671081925,
          0.3518012099351919,
          0.4494799637371758,
          0.5536860859010764,
          0.6394083447855821,
          0.7146674643204572
        ],
        "n_bins": 10
      }
    }
  },
  "sec_enforcement": {
    "xgboost": {
      "auroc": 0.5068155693022374,
      "auprc": 0.00874255901449598,
      "brier": 0.007304435130208731,
      "f1_youden": 0.023450586264656615,
      "youden_threshold": 0.002140371361747384,
      "ece": 0.0069438341437916265,
      "calibration": {
        "ece": 0.0069438341437916265,