{
  "stock_decline": {
    "xgboost": {
      "auroc": 0.651704877868489,
      "auprc": 0.7263244657727188,
      "brier": 0.2631794214248657,
      "f1_youden": 0.5914988172890833,
      "youden_threshold": 0.4805184304714203,
      "ece": 0.1640976217675708,
      "calibration": {
        "ece": 0.1640976217675708,
        "prob_true": [
          0.4075975359342916,
          0.4531658817373103,
          0.4981998199819982,
          0.514489069649212,
          0.5812254075323215,
          0.6717607973421927,
          0.6985789080029918,
          0.7722095671981777,
          0.8291925465838509,
          0.8757062146892656
        ],
        "prob_pred": [
          0.06525313769882159,
          0.15264794510393975,
          0.25081588050918896,
          0.34894331112450977,
          0.4485728345170592,
          0.5478606199505321,
          0.6507840732986033,
          0.7485850990135379,
          0.8434769514924991,
          0.9236183429168443
        ],
        "n_bins": 10
      }
    },
    "lr_full": {
      "auroc": 0.6815792616679999,
      "auprc": 0.7345982202412888,
      "brier": 0.22658188390899223,
      "f1_youden": 0.6657185338418773,
      "youden_threshold": 0.5185263440850137,
      "ece": 0.08154127628208521,
      "calibration": {
        "ece": 0.08154127628208521,
        "prob_true": [
          0.3076923076923077,
          0.36,
          0.37294685990338167,
          0.4650152107779226,
          0.5306878306878307,
          0.601416287303996,
          0.7004643962848297,
          0.8069387755102041,
          0.7751091703056768,
          0.8333333333333334
        ],
        "prob_pred": [
          0.0943216904992199,
          0.16554659217046055,
          0.2533524689871171,
          0.3493670734604644,
          0.44988526564500364,
          0.5508610542750412,
          0.6541436730749692,
          0.7416339184705035,
          0.8331428017058672,
          0.9217696767859552
        ],
        "n_bins": 10
      }
    },
    "lr_traditional": {
      "auroc": 0.6439935002760335,
      "auprc": 0.7140286718085126,
      "brier": 0.23503533797129392,
      "f1_youden": 0.6441830065359477,
      "youden_threshold": 0.5191871984200813,
      "ece": 0.07857827005818442,
      "calibration": {
        "ece": 0.07857827005818442,
        "prob_true": [
          0.0,
          0.72,
          0.463452566096423,
          0.43967714528462193,
          0.4819277108433735,
          0.6415617128463476,
          0.7345029239766082,
          0.8152046783625732,
          0.8135593220338984,
          0.6
        ],
        "prob_pred": [
          0.0998296052606905,
          0.16423170676871526,
          0.2641955787694305,
          0.36058784738686694,
          0.453119066686705,
          0.5547484238305942,
          0.6404735962056797,
          0.7409142246461923,
          0.8342745058120974,
          0.9159494479932564
        ],
        "n_bins": 10
      }
    },
    "gbt_raw": {
      "auroc": 0.6771907482927908,
      "auprc": 0.7458820603440464,
      "brier": 0.2314471708428329,
      "f1_youden": 0.672430233297311,
      "youden_threshold": 0.43914587505627223,
      "ece": 0.10104204845147981,
      "calibration": {
        "ece": 0.10104204845147981,
        "prob_true": [
          0.25,
          0.3393258426966292,
          0.4148880791254555,
          0.4693233944954128,
          0.5570239843367597,
          0.6486068111455109,
          0.710062893081761,
          0.7963246554364471,
          0.8657105606258149
        ],
        "prob_pred": [
          0.09604255456689142,
          0.16673000311072586,
          0.25830117024527294,
          0.34912329975291473,
          0.4466984101508476,
          0.5497892306524028,
          0.6485880138539314,
          0.7546483430311184,
          0.8181548083692006
        ],
        "n_bins": 10
      }
    }
  },
  "earnings_restate": {
    "xgboost": {
      "auroc": 0.6567310198013114,
      "auprc": 0.18155405388214618,
      "brier": 0.11992964148521423,
      "f1_youden": 0.25542419124334154,
      "youden_threshold": 0.1782863587141037,
      "ece": 0.10336647669581327,
      "calibration": {
        "ece": 0.10336647669581327,
        "prob_true": [
          0.05473566224546983,
          0.10182275298554368,
          0.12048805287239452,
          0.15320754716981133,
          0.18099089989888775,
          0.1897810218978102,
          0.22371364653243847,
          0.2840909090909091,
          0.3055555555555556
        ],
        "prob_pred": [
          0.05006776958276087,
          0.14504678277878325,
          0.24628856828901208,
          0.34666203730511214,
          0.4480441356090974,
          0.5488156510965667,
          0.6445995251871062,
          0.741292626681653,
          0.8252373155620363
        ],
        "n_bins": 10
      }
    },
    "lr_full": {
      "auroc": 0.6601990576649518,
      "auprc": 0.17537360237465816,
      "brier": 0.2512816912184645,
      "f1_youden": 0.25916994542454624,
      "youden_threshold": 0.5257586231718684,
      "ece": 0.3846982796965102,
      "calibration": {
        "ece": 0.3846982796965102,
        "prob_true": [
          0.0,
          0.022670025188916875,
          0.034653465346534656,
          0.05564142194744977,
          0.08243727598566308,
          0.12704791344667696,
          0.16594672426205903,
          0.19642857142857142,
          0.24806201550387597,
          0.0
        ],
        "prob_pred": [
          0.08894691208551074,
          0.1610432953326556,
          0.25682183761286453,
          0.35410571178321243,
          0.4501107176428834,
          0.5511004262150598,
          0.6446048664463468,
          0.73705762458722,
          0.8272694137789531,
          0.9144889206305724
        ],
        "n_bins": 10
      }
    },
    "lr_traditional": {
      "auroc": 0.6191214929599618,
      "auprc": 0.15959224801719346,
      "brier": 0.2553225558105239,
      "f1_youden": 0.24717054767789776,
      "youden_threshold": 0.5225289461143375,
      "ece": 0.39683728460203405,
      "calibration": {
        "ece": 0.39683728460203405,
        "prob_true": [
          0.3333333333333333,
          0.07894736842105263,
          0.06602641056422569,
          0.06712528663748175,
          0.13261261261261262,
          0.16340269277845776,
          0.22267206477732793,
          0.2876712328767123
        ],
        "prob_pred": [
          0.17128123050735858,
          0.26653265064239584,
          0.36427031228671397,
          0.4548886466382806,
          0.5430988743749502,
          0.6389129554272844,
          0.7570220027669509,
          0.8211843179202434
        ],
        "n_bins": 10
      }
    },
    "gbt_raw": {
      "auroc": 0.6699836723509404,
      "auprc": 0.18982211923440287,
      "brier": 0.2274293248007497,
      "f1_youden": 0.2629028349890962,
      "youden_threshold": 0.48021503521855236,
      "ece": 0.3592066675205535,
      "calibration": {
        "ece": 0.3592066675205535,
        "prob_true": [
          0.09090909090909091,
          0.04507628294036061,
          0.050815217391304346,
          0.08934337997847147,
          0.13337320574162678,
          0.19875549048316252,
          0.30612244897959184
        ],
        "prob_pred": [
          0.18226462813255764,
          0.26600252671081925,
          0.3518012099351919,
          0.4494799637371758,
          0.5536860859010764,
          0.6394083447855821,
          0.7146674643204572
        ],
        "n_bins": 10
      }
    }
  },
  "sec_enforcement": {
    "xgboost": {
      "auroc": 0.5387888254882442,
      "auprc": 0.00885915096967609,
      "brier": 0.007004637736827135,
      "f1_youden": 0.02085308056872038,
      "youden_threshold": 0.0008328401600010693,
      "ece": 0.006470562911315528,
      "calibration": {
        "ece": 0.006470562911315528,